<?xml version="1.0" encoding="euc-kr"?>
<config>
	<port>1066</port>
	<deployDir>D:\caruru\real\deploy</deployDir>
	<applications>
		<application 
			name="RabbitGirl"
			command = "java -Xmx512m -jar RabbitGirl.jar">
			<integrityDir>sql</integrityDir>
		</application>
		<application name="Caruru">
			<allowModifyFiles>
				<file name="client.xml"/>
			</allowModifyFiles>
		</application>
		<application name="FolhaSeca" 
		command = "java -jar FolhaSeca.jar"
		/>
</applications>
</config>