<?xml version="1.0" encoding="euc-kr"?>

<Config>
	<Database>
		<name>ora8i</name>
		<url>jdbc:oracle:thin:@211.233.74.198:1543:ACCDB</url>
		<driver>oracle.jdbc.driver.OracleDriver</driver>
		<user>tax</user>
		<password>taxscm</password>
	</Database>
	<Database>
		<name>comdb</name>
		<url>jdbc:oracle:thin:@211.233.74.30:1521:COMDB</url>
		<driver>oracle.jdbc.driver.OracleDriver</driver>
		<user>backend</user>
		<password>qorend</password>
	</Database>
	<Database>
		<name>milti</name>
		<url>jdbc:oracle:thin:@211.233.74.224:1521:COMDB</url>
		<driver>oracle.jdbc.driver.OracleDriver</driver>
		<user>iwb</user>
		<password>iwb123456</password>
	</Database>
	<ServerStat>
		<server>211.233.74.33</server>
		<port>80</port>
	</ServerStat>
	<ServerStat>
		<server>211.233.74.33</server>
		<port>443</port>
	</ServerStat>
	<ServerStat>
		<server>211.233.74.33</server>
		<port>9071</port>
	</ServerStat>
	<ServerStat>
		<server>211.233.74.33</server>
		<port>9072</port>
	</ServerStat>
	<ServerStat>
		<server>211.233.74.33</server>
		<port>9073</port>
	</ServerStat>
	<ServerStat>
		<server>211.233.74.33</server>
		<port>9074</port>
	</ServerStat>
	<ServerStat>
		<server>211.233.74.33</server>
		<port>9181</port>
	</ServerStat>
	<ServerStat>
		<server>211.233.74.33</server>
		<port>9182</port>
	</ServerStat>
	<ServerStat>
		<server>211.233.74.33</server>
		<port>9183</port>
	</ServerStat>
	<ServerStat>
		<server>211.233.74.33</server>
		<port>9184</port>
	</ServerStat>
	<ServerStat>
		<server>211.233.74.33</server>
		<port>9081</port>
	</ServerStat>
	<ServerStat>
		<server>211.233.74.33</server>
		<port>9082</port>
	</ServerStat>
	<ServerStat>
		<server>211.233.74.42</server>
		<port>80</port>
	</ServerStat>
	<ServerStat>
		<server>211.233.74.42</server>
		<port>443</port>
	</ServerStat>
	<ServerStat>
		<server>211.233.74.42</server>
		<port>9071</port>
	</ServerStat>
	<ServerStat>
		<server>211.233.74.42</server>
		<port>9072</port>
	</ServerStat>
	<ServerStat>
		<server>211.233.74.42</server>
		<port>9073</port>
	</ServerStat>
	<ServerStat>
		<server>211.233.74.42</server>
		<port>9074</port>
	</ServerStat>
	<ServerStat>
		<server>211.233.74.42</server>
		<port>9181</port>
	</ServerStat>
	<ServerStat>
		<server>211.233.74.42</server>
		<port>9182</port>
	</ServerStat>
	<ServerStat>
		<server>211.233.74.42</server>
		<port>9183</port>
	</ServerStat>
	<ServerStat>
		<server>211.233.74.42</server>
		<port>9184</port>
	</ServerStat>
	<ServerStat>
		<server>211.233.74.42</server>
		<port>9081</port>
	</ServerStat>
	<ServerStat>
		<server>211.233.74.42</server>
		<port>9082</port>
	</ServerStat>
	<ServerStat>
		<server>211.233.74.37</server>
		<port>80</port>
	</ServerStat>
	<ServerStat>
		<server>211.233.74.37</server>
		<port>443</port>
	</ServerStat>
	<ServerStat>
		<server>211.233.74.37</server>
		<port>9071</port>
	</ServerStat>
	<ServerStat>
		<server>211.233.74.37</server>
		<port>9072</port>
	</ServerStat>
	<ServerStat>
		<server>211.233.74.37</server>
		<port>9073</port>
	</ServerStat>
	<ServerStat>
		<server>211.233.74.37</server>
		<port>9074</port>
	</ServerStat>
	<ServerStat>
		<server>211.233.74.37</server>
		<port>9181</port>
	</ServerStat>
	<ServerStat>
		<server>211.233.74.37</server>
		<port>9182</port>
	</ServerStat>
	<ServerStat>
		<server>211.233.74.37</server>
		<port>9183</port>
	</ServerStat>
	<ServerStat>
		<server>211.233.74.37</server>
		<port>9184</port>
	</ServerStat>
	<ServerStat>
		<server>211.233.74.37</server>
		<port>9081</port>
	</ServerStat>
	<ServerStat>
		<server>211.233.74.37</server>
		<port>9082</port>
	</ServerStat>
	<ServerStat>
		<server>211.233.74.83</server>
		<port>80</port>
	</ServerStat>
	<ServerStat>
		<server>211.233.74.83</server>
		<port>8009</port>
	</ServerStat>
	<ServerStat>
		<server>211.233.74.86</server>
		<port>80</port>
	</ServerStat>
	<ServerStat>
		<server>211.233.74.86</server>
		<port>8009</port>
	</ServerStat>
</Config>
