<?xml version="1.0" encoding="UTF-8"?>
<project name="poaching" default="poaching" >
	<target name="poaching">
		<exec executable="java">	
			<arg value="-cp"/>
			<arg value="poaching.jar;lib/dom4j.jar"/>
			<arg value="xjavadoc.Poaching"/>
			<arg value="D:\wsappdev51\workspace"/>
			<arg value="Y"/>
			<arg value="N"/>
			<arg value="Y"/>
		</exec>
	</target>
		<target name="version">
		<exec executable="java">	
			<arg value="-version"/>
		</exec>
	</target>
	
	<target name="backup">
		<tstamp/>
		<property name="backup.dir" location="D:\backup\clsmallorder\${DSTAMP}${TSTAMP}"/>
		<property name="milti.dir" location="D:\wsappdev51\workspace"/>
		<mkdir dir="${backup.dir}"/>
		<copy todir="${backup.dir}">
		    <fileset dir="${milti.dir}">
		      <include name="ClsmallOrderMgr/**/*.java"/>
		    </fileset>
	    </copy>
	    <copy todir="${backup.dir}">
		    <fileset dir="${milti.dir}">
		      <include name="webapp/JavaSource/com/interpark/action/clsmallorder/**/*.java"/>
		    </fileset>
	    </copy>
	    <copy todir="${backup.dir}">
		    <fileset dir="${milti.dir}">
		      <include name="webapp/JavaSource/com/interpark/form/clsmallorder/**/*.java"/>
		    </fileset>
	    </copy>
	    <copy todir="${backup.dir}">
		    <fileset dir="${milti.dir}">
		      <include name="webapp/WebContent/WEB-INF/jsp/layout/icms/**/*.*"/>
		    </fileset>
	    </copy>
	    <copy todir="${backup.dir}">
		    <fileset dir="${milti.dir}">
		      <include name="webapp/WebContent/WEB-INF/jsp/icms/**/*.*"/>
		    </fileset>
	    </copy>
	    <copy todir="${backup.dir}">
		    <fileset dir="${milti.dir}">
		      <include name="webapp/WebContent/WEB-INF/tiles-icms.xml"/>
		    </fileset>
	    </copy>
	    <copy todir="${backup.dir}">
		    <fileset dir="${milti.dir}">
				<include name="milti-lib/src/com/interpark/dao/clsmallorder/**/*.java"/>
		    </fileset>
	    </copy>
	    <copy todir="${backup.dir}">
		    <fileset dir="${milti.dir}">
		      <include name="milti-lib/src/com/interpark/dto/clsmallorder/**/*.java"/>
		    </fileset>
	    </copy>
	    <copy todir="${backup.dir}">
		    <fileset dir="${milti.dir}">
		      <include name="milti-lib/src/com/interpark/sc/clsmallorder/**/*.java"/>
		    </fileset>
	    </copy>
	     <copy todir="${backup.dir}">
		    <fileset dir="${milti.dir}">
				<include name="webapp/JavaSource/com/interpark/clsmall/daelim/**/*.java"/>
		    </fileset>
	    </copy>
	     <copy todir="${backup.dir}">
		    <fileset dir="${milti.dir}">
		      <include name="webapp/WebContent/b2bPark/daelim/sitemap/**/*.*"/>
		    </fileset>
	    </copy>
	</target>
	<target name="start">
		<property name="ws.base.dir" location="C:\Program Files\IBM\WebSphere Studio\Application Developer\v5.1.2" />
		<property name="ws.runtime.dir" location="${ws.base.dir}\runtimes\base_v51"/>
		<property name="wsad.workspace.dir" location="D:/wsappdev51/workspace"/>
		<exec executable="${ws.runtime.dir}/java/bin/javaw">	
			<arg value="-Xbootclasspath/p:${ws.runtime.dir}/java/jre/lib/ext/ibmorb.jar;${ws.runtime.dir}/java/jre/lib/ext/ibmext.jar"/>
			<arg value="-DMQJMS_TRACE_DIR=${wsad.workspace.dir}/.metadata/.plugins/com.ibm.etools.server.core/tmp0/logs"/>
			<arg value="-DPD_DT_ENABLED=true" />
			<arg value="-Ddb2j.system.home=${wsad.workspace.dir}/.metadata/.plugins/com.ibm.etools.server.core/tmp0/databases"/>
			<arg value="-Dcom.ibm.ws.tools.trace.traceFile=${wsad.workspace.dir}/.metadata/.plugins/com.ibm.etools.server.core/tmp0/logs/startServer.log"/>
			<arg value="-Dworkspace.user.root=${wsad.workspace.dir}/.metadata/.plugins/com.ibm.etools.server.core/tmp0/wstemp"/>
			<arg value="-Dworkspace.repository.adapter=com.ibm.ws.sm.workspace.impl.WorkSpaceSelfRepositoryAdapter"/>
			<arg value="-Dworkspace.root=${wsad.workspace.dir}/Servers/milti.wsc"/>
			<arg value="-Dcom.ibm.websphere.servlet.temp.dir=${wsad.workspace.dir}/.metadata/.plugins/com.ibm.etools.server.core/tmp0/cache "/>
			<arg value="-Dwas.repository.backup=${wsad.workspace.dir}/.metadata/.plugins/com.ibm.etools.server.core/tmp0/repository/backup "/>
			<arg value="-Dwas.repository.temp=${wsad.workspace.dir}/.metadata/.plugins/com.ibm.etools.server.core/tmp0/repository/temp "/>
			<arg value="-Dwas.repository.config=D:/wsappdev51/workspace/.metadata/.plugins/com.ibm.etools.server.core/tmp0/repository "/>
			<arg value="-Dwas.repository.root=D:/wsappdev51/workspace/.metadata/.plugins/com.ibm.etools.server.core/tmp0/repository "/>
			<arg value="-Dwas.loose.config=file:D:/wsappdev51/workspace/.metadata/.plugins/com.ibm.etools.server.core/tmp0/looseconfig.xmi "/>
			<arg value="-Dwas.variable.map=D:\wsappdev51\workspace\.metadata\.plugins\com.ibm.etools.server.core\tmp0\pathMaps.properties "/>
			<arg value="-Dcom.ibm.ws.messaging.JMSProvider=com.ibm.ws.messaging.JMSMQJDProviderImpl"/>
			<arg value="-classpath '${ws.runtime.dir}/properties;${ws.runtime.dir}/lib/bootstrap.jar;${ws.runtime.dir}/lib/j2ee.jar;${ws.runtime.dir}/lib/lmproxy.jar;${ws.runtime.dir}/lib/urlprotocols.jar;${wsad.workspace.dir}\milti\cnt.framework.jar;${wsad.workspace.dir}\milti\commons-beanutils.jar;${wsad.workspace.dir}\milti\commons-collections.jar;${wsad.workspace.dir}\milti\commons-digester.jar;${wsad.workspace.dir}\milti\commons-lang.jar;${wsad.workspace.dir}\milti\commons-logging.jar;${wsad.workspace.dir}\milti\commons-math.jar;${wsad.workspace.dir}\milti\j2ee.jar;${wsad.workspace.dir}\milti\jfig.jar;${wsad.workspace.dir}\milti\log4j.jar;${wsad.workspace.dir}\milti\ojdbc14.jar;${wsad.workspace.dir}\milti\opencsv-1.0.jar;${wsad.workspace.dir}\milti\quartz.jar;${wsad.workspace.dir}\milti\xercesImpl.jar;${wsad.workspace.dir}\milti\xml-apis.jar;${wsad.workspace.dir}\config;${wsad.workspace.dir}\milti-lib\classes;${wsad.workspace.dir}\milti\CorePat.jar;${ws.base.dir}/wstools/eclipse/plugins/com.ibm.etools.websphere.tools.common_5.1.1.1/runtime/wteServers.jar;${ws.base.dir}/wstools/eclipse/plugins/com.ibm.etools.websphere.tools.common_5.1.1.1/runtime/wasToolsCommon.jar'"/>
			<arg value="-Xms50m "/>
			<arg value="-Xmx256m "/>
			<arg value="-Dws.ext.dirs='${ws.runtime.dir}/java/lib;${ws.runtime.dir}/classes;${ws.runtime.dir}/classes;${ws.runtime.dir}/lib;${ws.runtime.dir}/lib/ext;${ws.runtime.dir}/web/help;${ws.runtime.dir}/deploytool/itp/plugins/com.ibm.etools.ejbdeploy/runtime;${ws.basedir.dir}/wstools/eclipse/plugins/com.ibm.etools.webservice_5.1.2/runtime/worf.jar'"/>
			<arg value="-Dserver.root=${ws.basedir.dir}"/>
			<arg value="-Duser.install.root=${ws.basedir.dir}"/>
			<arg value="-Dcom.ibm.itp.location=${ws.basedir.dir}/bin"/>
			<arg value="-Dwas.install.root=${ws.basedir.dir}"/>
			<arg value="-Dlogdir=${wsad.workspace.dir}/log"/>
			<arg value="-Djava.security.auth.login.config=${ws.runtime.dir}/properties/wsjaas.conf"/>
			<arg value="-Djava.security.policy=${ws.runtime.dir}/properties/server.policy"/>
			<arg value="-Djava.library.path='${ws.runtime.dir}/bin;${ws.runtime.dir}/java/bin;${ws.runtime.dir}/java/jre/bin;${ws.base.dir}\eclipse\jre\bin'"/>
		</exec>
	</target>	
</project>